Formula,Query Result,Total Evaluation Time
Angiogenesis-PT-05-CTLCardinality-0,TRUE,7.568
Angiogenesis-PT-05-CTLCardinality-9,TRUE,378.369
Angiogenesis-PT-05-CTLCardinality-10,TRUE,16453.3
Angiogenesis-PT-05-CTLCardinality-11,FALSE,0.019
Angiogenesis-PT-05-CTLCardinality-12,FALSE,0.03
Angiogenesis-PT-05-CTLCardinality-13,FALSE,0.018
Angiogenesis-PT-05-CTLCardinality-14,,
Angiogenesis-PT-05-CTLCardinality-15,FALSE,0.038
Angiogenesis-PT-05-CTLCardinality-1,,
Angiogenesis-PT-05-CTLCardinality-2,TRUE,26657.3
Angiogenesis-PT-05-CTLCardinality-3,,
Angiogenesis-PT-05-CTLCardinality-4,,
Angiogenesis-PT-05-CTLCardinality-5,,
Angiogenesis-PT-05-CTLCardinality-6,,
Angiogenesis-PT-05-CTLCardinality-7,,
Angiogenesis-PT-05-CTLCardinality-8,,
Angiogenesis-PT-15-CTLCardinality-0,TRUE,558.271
Angiogenesis-PT-15-CTLCardinality-9,TRUE,81256.2
Angiogenesis-PT-15-CTLCardinality-10,,
Angiogenesis-PT-15-CTLCardinality-11,,
Angiogenesis-PT-15-CTLCardinality-12,TRUE,2990.47
Angiogenesis-PT-15-CTLCardinality-13,,
Angiogenesis-PT-15-CTLCardinality-14,,
Angiogenesis-PT-15-CTLCardinality-15,,
Angiogenesis-PT-15-CTLCardinality-1,,
Angiogenesis-PT-15-CTLCardinality-2,TRUE,7654.5
Angiogenesis-PT-15-CTLCardinality-3,TRUE,63313.8
Angiogenesis-PT-15-CTLCardinality-4,,
Angiogenesis-PT-15-CTLCardinality-5,TRUE,808.902
Angiogenesis-PT-15-CTLCardinality-6,,
Angiogenesis-PT-15-CTLCardinality-7,,
Angiogenesis-PT-15-CTLCardinality-8,,
Angiogenesis-PT-20-CTLCardinality-0,,
Angiogenesis-PT-20-CTLCardinality-9,,
Angiogenesis-PT-20-CTLCardinality-10,,
Angiogenesis-PT-20-CTLCardinality-11,,
Angiogenesis-PT-20-CTLCardinality-12,,
Angiogenesis-PT-20-CTLCardinality-13,,
Angiogenesis-PT-20-CTLCardinality-14,,
Angiogenesis-PT-20-CTLCardinality-15,,
Angiogenesis-PT-20-CTLCardinality-1,TRUE,3220.1
Angiogenesis-PT-20-CTLCardinality-2,,
Angiogenesis-PT-20-CTLCardinality-3,,
Angiogenesis-PT-20-CTLCardinality-4,,
Angiogenesis-PT-20-CTLCardinality-5,,
Angiogenesis-PT-20-CTLCardinality-6,,
Angiogenesis-PT-20-CTLCardinality-7,TRUE,79.975
Angiogenesis-PT-20-CTLCardinality-8,,
Angiogenesis-PT-25-CTLCardinality-0,,
Angiogenesis-PT-25-CTLCardinality-9,,
Angiogenesis-PT-25-CTLCardinality-10,,
Angiogenesis-PT-25-CTLCardinality-11,,
Angiogenesis-PT-25-CTLCardinality-12,TRUE,0.31
Angiogenesis-PT-25-CTLCardinality-13,,
Angiogenesis-PT-25-CTLCardinality-14,,
Angiogenesis-PT-25-CTLCardinality-15,,
Angiogenesis-PT-25-CTLCardinality-1,,
Angiogenesis-PT-25-CTLCardinality-2,,
Angiogenesis-PT-25-CTLCardinality-3,,
Angiogenesis-PT-25-CTLCardinality-4,,
Angiogenesis-PT-25-CTLCardinality-5,,
Angiogenesis-PT-25-CTLCardinality-6,,
Angiogenesis-PT-25-CTLCardinality-7,,
Angiogenesis-PT-25-CTLCardinality-8,TRUE,32303.7
Dekker-PT-020-CTLCardinality-0,,
Dekker-PT-020-CTLCardinality-9,,
Dekker-PT-020-CTLCardinality-10,,
Dekker-PT-020-CTLCardinality-11,TRUE,56.471
Dekker-PT-020-CTLCardinality-12,,
Dekker-PT-020-CTLCardinality-13,,
Dekker-PT-020-CTLCardinality-14,,
Dekker-PT-020-CTLCardinality-15,FALSE,0.225
Dekker-PT-020-CTLCardinality-1,,
Dekker-PT-020-CTLCardinality-2,,
Dekker-PT-020-CTLCardinality-3,,
Dekker-PT-020-CTLCardinality-4,,
Dekker-PT-020-CTLCardinality-5,,
Dekker-PT-020-CTLCardinality-6,,
Dekker-PT-020-CTLCardinality-7,,
Dekker-PT-020-CTLCardinality-8,,
Diffusion2D-PT-D05N350-CTLCardinality-0,,
Diffusion2D-PT-D05N350-CTLCardinality-9,TRUE,70.538
Diffusion2D-PT-D05N350-CTLCardinality-10,,
Diffusion2D-PT-D05N350-CTLCardinality-11,,
Diffusion2D-PT-D05N350-CTLCardinality-12,,
Diffusion2D-PT-D05N350-CTLCardinality-13,,
Diffusion2D-PT-D05N350-CTLCardinality-14,TRUE,2470.7
Diffusion2D-PT-D05N350-CTLCardinality-15,,
Diffusion2D-PT-D05N350-CTLCardinality-1,TRUE,101135
Diffusion2D-PT-D05N350-CTLCardinality-2,,
Diffusion2D-PT-D05N350-CTLCardinality-3,,
Diffusion2D-PT-D05N350-CTLCardinality-4,,
Diffusion2D-PT-D05N350-CTLCardinality-5,TRUE,141.277
Diffusion2D-PT-D05N350-CTLCardinality-6,,
Diffusion2D-PT-D05N350-CTLCardinality-7,TRUE,3313.21
Diffusion2D-PT-D05N350-CTLCardinality-8,,
Diffusion2D-PT-D10N050-CTLCardinality-0,TRUE,293427
Diffusion2D-PT-D10N050-CTLCardinality-9,,
Diffusion2D-PT-D10N050-CTLCardinality-11,,
Diffusion2D-PT-D10N050-CTLCardinality-12,,
Diffusion2D-PT-D10N050-CTLCardinality-15,TRUE,271.805
Diffusion2D-PT-D10N050-CTLCardinality-1,,
Diffusion2D-PT-D10N050-CTLCardinality-2,TRUE,205946
Diffusion2D-PT-D10N050-CTLCardinality-3,TRUE,63782.1
Diffusion2D-PT-D10N050-CTLCardinality-5,,
Diffusion2D-PT-D10N050-CTLCardinality-6,,
Diffusion2D-PT-D10N050-CTLCardinality-7,TRUE,2396.71
Diffusion2D-PT-D10N050-CTLCardinality-8,,
Diffusion2D-PT-D50N010-CTLCardinality-0,TRUE,41489.8
Diffusion2D-PT-D50N010-CTLCardinality-9,,
Diffusion2D-PT-D50N010-CTLCardinality-10,TRUE,8531.9
Diffusion2D-PT-D50N010-CTLCardinality-15,,
Diffusion2D-PT-D50N010-CTLCardinality-1,TRUE,59430.4
Diffusion2D-PT-D50N010-CTLCardinality-2,TRUE,3.29325e+06
Diffusion2D-PT-D50N010-CTLCardinality-8,,
FMS-PT-010-CTLCardinality-0,TRUE,4.398
FMS-PT-010-CTLCardinality-9,,
FMS-PT-010-CTLCardinality-10,,
FMS-PT-010-CTLCardinality-11,,
FMS-PT-010-CTLCardinality-12,,
FMS-PT-010-CTLCardinality-13,,
FMS-PT-010-CTLCardinality-14,,
FMS-PT-010-CTLCardinality-15,,
FMS-PT-010-CTLCardinality-1,,
FMS-PT-010-CTLCardinality-2,,
FMS-PT-010-CTLCardinality-3,TRUE,21.136
FMS-PT-010-CTLCardinality-4,TRUE,1.407
FMS-PT-010-CTLCardinality-5,,
FMS-PT-010-CTLCardinality-6,,
FMS-PT-010-CTLCardinality-7,,
FMS-PT-010-CTLCardinality-8,,
IOTPpurchase-PT-C05M04P03D02-CTLCardinality-0,FALSE,3.069
IOTPpurchase-PT-C05M04P03D02-CTLCardinality-9,FALSE,1.102
IOTPpurchase-PT-C05M04P03D02-CTLCardinality-10,FALSE,642.99
IOTPpurchase-PT-C05M04P03D02-CTLCardinality-11,TRUE,1.013
IOTPpurchase-PT-C05M04P03D02-CTLCardinality-12,FALSE,83.413
IOTPpurchase-PT-C05M04P03D02-CTLCardinality-13,FALSE,62.901
IOTPpurchase-PT-C05M04P03D02-CTLCardinality-14,FALSE,0.658
IOTPpurchase-PT-C05M04P03D02-CTLCardinality-15,TRUE,2.671
IOTPpurchase-PT-C05M04P03D02-CTLCardinality-1,,
IOTPpurchase-PT-C05M04P03D02-CTLCardinality-2,,
IOTPpurchase-PT-C05M04P03D02-CTLCardinality-3,,
IOTPpurchase-PT-C05M04P03D02-CTLCardinality-4,,
IOTPpurchase-PT-C05M04P03D02-CTLCardinality-5,,
IOTPpurchase-PT-C05M04P03D02-CTLCardinality-6,FALSE,2.032
IOTPpurchase-PT-C05M04P03D02-CTLCardinality-7,TRUE,18463.7
IOTPpurchase-PT-C05M04P03D02-CTLCardinality-8,,
Kanban-PT-0010-CTLCardinality-0,TRUE,0.356
Kanban-PT-0010-CTLCardinality-9,,
Kanban-PT-0010-CTLCardinality-10,,
Kanban-PT-0010-CTLCardinality-11,,
Kanban-PT-0010-CTLCardinality-12,,
Kanban-PT-0010-CTLCardinality-13,,
Kanban-PT-0010-CTLCardinality-14,,
Kanban-PT-0010-CTLCardinality-15,FALSE,3.096
Kanban-PT-0010-CTLCardinality-1,,
Kanban-PT-0010-CTLCardinality-2,,
Kanban-PT-0010-CTLCardinality-3,,
Kanban-PT-0010-CTLCardinality-4,TRUE,0.243
Kanban-PT-0010-CTLCardinality-5,TRUE,0.26
Kanban-PT-0010-CTLCardinality-6,TRUE,0.444
Kanban-PT-0010-CTLCardinality-7,TRUE,7.277
Kanban-PT-0010-CTLCardinality-8,TRUE,0.228
MAPK-PT-008-CTLCardinality-0,,
MAPK-PT-008-CTLCardinality-9,,
MAPK-PT-008-CTLCardinality-10,TRUE,9.389
MAPK-PT-008-CTLCardinality-11,,
MAPK-PT-008-CTLCardinality-12,FALSE,138264
MAPK-PT-008-CTLCardinality-13,TRUE,147078
MAPK-PT-008-CTLCardinality-14,TRUE,109084
MAPK-PT-008-CTLCardinality-15,TRUE,877.858
MAPK-PT-008-CTLCardinality-1,TRUE,13586.1
MAPK-PT-008-CTLCardinality-2,FALSE,8.263
MAPK-PT-008-CTLCardinality-3,TRUE,10.882
MAPK-PT-008-CTLCardinality-4,FALSE,151723
MAPK-PT-008-CTLCardinality-5,TRUE,16.843
MAPK-PT-008-CTLCardinality-6,,
MAPK-PT-008-CTLCardinality-7,TRUE,2.08
MAPK-PT-008-CTLCardinality-8,,
ParamProductionCell-PT-0-CTLCardinality-0,TRUE,9.149
ParamProductionCell-PT-0-CTLCardinality-9,FALSE,11.863
ParamProductionCell-PT-0-CTLCardinality-10,TRUE,169968
ParamProductionCell-PT-0-CTLCardinality-11,FALSE,177717
ParamProductionCell-PT-0-CTLCardinality-12,FALSE,22.619
ParamProductionCell-PT-0-CTLCardinality-13,TRUE,8.61
ParamProductionCell-PT-0-CTLCardinality-14,TRUE,171194
ParamProductionCell-PT-0-CTLCardinality-15,TRUE,174428
ParamProductionCell-PT-0-CTLCardinality-1,FALSE,159574
ParamProductionCell-PT-0-CTLCardinality-2,FALSE,17.162
ParamProductionCell-PT-0-CTLCardinality-3,TRUE,166399
ParamProductionCell-PT-0-CTLCardinality-4,TRUE,55.162
ParamProductionCell-PT-0-CTLCardinality-5,FALSE,177104
ParamProductionCell-PT-0-CTLCardinality-6,FALSE,175346
ParamProductionCell-PT-0-CTLCardinality-8,FALSE,21.204
ParamProductionCell-PT-2-CTLCardinality-0,TRUE,19.568
ParamProductionCell-PT-2-CTLCardinality-9,TRUE,25511.2
ParamProductionCell-PT-2-CTLCardinality-10,TRUE,2.841
ParamProductionCell-PT-2-CTLCardinality-11,TRUE,12401.5
ParamProductionCell-PT-2-CTLCardinality-12,TRUE,39114.5
ParamProductionCell-PT-2-CTLCardinality-13,TRUE,18.183
ParamProductionCell-PT-2-CTLCardinality-14,FALSE,24922.5
ParamProductionCell-PT-2-CTLCardinality-15,FALSE,50781.5
ParamProductionCell-PT-2-CTLCardinality-1,TRUE,1995.76
ParamProductionCell-PT-2-CTLCardinality-2,FALSE,50905.6
ParamProductionCell-PT-2-CTLCardinality-3,FALSE,19.139
ParamProductionCell-PT-2-CTLCardinality-4,TRUE,17066.6
ParamProductionCell-PT-2-CTLCardinality-5,FALSE,31676.3
ParamProductionCell-PT-2-CTLCardinality-6,FALSE,42395.4
ParamProductionCell-PT-2-CTLCardinality-7,FALSE,26516.8
ParamProductionCell-PT-2-CTLCardinality-8,FALSE,18.894
ParamProductionCell-PT-4-CTLCardinality-0,FALSE,342884
ParamProductionCell-PT-4-CTLCardinality-9,FALSE,6.314
ParamProductionCell-PT-4-CTLCardinality-10,FALSE,24809.4
ParamProductionCell-PT-4-CTLCardinality-11,TRUE,428.778
ParamProductionCell-PT-4-CTLCardinality-12,FALSE,164828
ParamProductionCell-PT-4-CTLCardinality-13,TRUE,10.6
ParamProductionCell-PT-4-CTLCardinality-14,FALSE,172165
ParamProductionCell-PT-4-CTLCardinality-15,FALSE,171868
ParamProductionCell-PT-4-CTLCardinality-1,TRUE,57.765
ParamProductionCell-PT-4-CTLCardinality-2,FALSE,182368
ParamProductionCell-PT-4-CTLCardinality-3,TRUE,84748.2
ParamProductionCell-PT-4-CTLCardinality-4,TRUE,12.3
ParamProductionCell-PT-4-CTLCardinality-5,FALSE,12.526
ParamProductionCell-PT-4-CTLCardinality-6,FALSE,3076.2
ParamProductionCell-PT-4-CTLCardinality-7,FALSE,179582
ParamProductionCell-PT-5-CTLCardinality-0,TRUE,13.192
ParamProductionCell-PT-5-CTLCardinality-9,FALSE,29.02
ParamProductionCell-PT-5-CTLCardinality-10,FALSE,10.073
ParamProductionCell-PT-5-CTLCardinality-11,FALSE,36103.5
ParamProductionCell-PT-5-CTLCardinality-12,FALSE,13.692
ParamProductionCell-PT-5-CTLCardinality-13,FALSE,126454
ParamProductionCell-PT-5-CTLCardinality-14,TRUE,2793.44
ParamProductionCell-PT-5-CTLCardinality-15,TRUE,17354
ParamProductionCell-PT-5-CTLCardinality-1,TRUE,13.711
ParamProductionCell-PT-5-CTLCardinality-2,FALSE,76557.4
ParamProductionCell-PT-5-CTLCardinality-3,FALSE,116564
ParamProductionCell-PT-5-CTLCardinality-4,FALSE,18987.1
ParamProductionCell-PT-5-CTLCardinality-5,FALSE,121573
ParamProductionCell-PT-5-CTLCardinality-6,FALSE,4680.27
ParamProductionCell-PT-5-CTLCardinality-7,TRUE,14.363
ParamProductionCell-PT-5-CTLCardinality-8,FALSE,13.502
Parking-PT-208-CTLCardinality-0,TRUE,4.026
Parking-PT-208-CTLCardinality-9,FALSE,3.739
Parking-PT-208-CTLCardinality-14,FALSE,4.146
Parking-PT-208-CTLCardinality-2,FALSE,3.779
Parking-PT-208-CTLCardinality-6,TRUE,3.575
PhaseVariation-PT-D05CS100-CTLCardinality-0,,
PhaseVariation-PT-D05CS100-CTLCardinality-9,TRUE,55.239
PhaseVariation-PT-D05CS100-CTLCardinality-10,FALSE,12.896
PhaseVariation-PT-D05CS100-CTLCardinality-11,FALSE,33.955
PhaseVariation-PT-D05CS100-CTLCardinality-12,FALSE,30.307
PhaseVariation-PT-D05CS100-CTLCardinality-13,,
PhaseVariation-PT-D05CS100-CTLCardinality-15,TRUE,16.134
PhaseVariation-PT-D05CS100-CTLCardinality-1,FALSE,287.226
PhaseVariation-PT-D05CS100-CTLCardinality-2,FALSE,16.649
PhaseVariation-PT-D05CS100-CTLCardinality-3,TRUE,15.149
PhaseVariation-PT-D05CS100-CTLCardinality-4,,
PhaseVariation-PT-D05CS100-CTLCardinality-5,TRUE,14.925
Raft-PT-03-CTLCardinality-0,,
Raft-PT-03-CTLCardinality-9,,
Raft-PT-03-CTLCardinality-10,,
Raft-PT-03-CTLCardinality-11,,
Raft-PT-03-CTLCardinality-12,,
Raft-PT-03-CTLCardinality-13,,
Raft-PT-03-CTLCardinality-14,,
Raft-PT-03-CTLCardinality-15,,
Raft-PT-03-CTLCardinality-1,,
Raft-PT-03-CTLCardinality-2,,
Raft-PT-03-CTLCardinality-3,,
Raft-PT-03-CTLCardinality-4,,
Raft-PT-03-CTLCardinality-5,,
Raft-PT-03-CTLCardinality-6,,
Raft-PT-03-CTLCardinality-7,,
Raft-PT-03-CTLCardinality-8,,
Railroad-PT-010-CTLCardinality-0,FALSE,80553.4
Railroad-PT-010-CTLCardinality-9,TRUE,79352.2
Railroad-PT-010-CTLCardinality-10,FALSE,82578.8
Railroad-PT-010-CTLCardinality-11,FALSE,158289
Railroad-PT-010-CTLCardinality-12,FALSE,86108.8
Railroad-PT-010-CTLCardinality-13,TRUE,0.747
Railroad-PT-010-CTLCardinality-14,FALSE,27000.3
Railroad-PT-010-CTLCardinality-15,TRUE,80750
Railroad-PT-010-CTLCardinality-1,TRUE,0.646
Railroad-PT-010-CTLCardinality-2,TRUE,0.476
Railroad-PT-010-CTLCardinality-3,FALSE,154019
Railroad-PT-010-CTLCardinality-4,FALSE,0.436
Railroad-PT-010-CTLCardinality-5,FALSE,88445.9
Railroad-PT-010-CTLCardinality-6,TRUE,0.843
Railroad-PT-010-CTLCardinality-7,FALSE,81685.4
Railroad-PT-010-CTLCardinality-8,FALSE,0.417
ResAllocation-PT-R020C002-CTLCardinality-0,FALSE,2.362
ResAllocation-PT-R020C002-CTLCardinality-9,TRUE,9.892
ResAllocation-PT-R020C002-CTLCardinality-10,,
ResAllocation-PT-R020C002-CTLCardinality-11,FALSE,153529
ResAllocation-PT-R020C002-CTLCardinality-12,FALSE,144707
ResAllocation-PT-R020C002-CTLCardinality-13,,
ResAllocation-PT-R020C002-CTLCardinality-14,,
ResAllocation-PT-R020C002-CTLCardinality-15,,
ResAllocation-PT-R020C002-CTLCardinality-1,FALSE,2.226
ResAllocation-PT-R020C002-CTLCardinality-2,,
ResAllocation-PT-R020C002-CTLCardinality-3,TRUE,195842
ResAllocation-PT-R020C002-CTLCardinality-4,TRUE,0.81
ResAllocation-PT-R020C002-CTLCardinality-5,FALSE,1.887
ResAllocation-PT-R020C002-CTLCardinality-6,TRUE,1.083
ResAllocation-PT-R020C002-CTLCardinality-7,FALSE,1.966
ResAllocation-PT-R020C002-CTLCardinality-8,FALSE,1.814
RwMutex-PT-r0010w2000-CTLCardinality-0,FALSE,51252.1
RwMutex-PT-r0010w2000-CTLCardinality-9,FALSE,52184
RwMutex-PT-r0010w2000-CTLCardinality-10,FALSE,155.727
RwMutex-PT-r0010w2000-CTLCardinality-11,FALSE,55580.3
RwMutex-PT-r0010w2000-CTLCardinality-12,FALSE,178.287
RwMutex-PT-r0010w2000-CTLCardinality-13,FALSE,149.775
RwMutex-PT-r0010w2000-CTLCardinality-14,TRUE,209.17
RwMutex-PT-r0010w2000-CTLCardinality-15,TRUE,177.591
RwMutex-PT-r0010w2000-CTLCardinality-1,TRUE,52798.4
RwMutex-PT-r0010w2000-CTLCardinality-2,TRUE,194.805
RwMutex-PT-r0010w2000-CTLCardinality-3,TRUE,301.011
RwMutex-PT-r0010w2000-CTLCardinality-4,FALSE,296.972
RwMutex-PT-r0010w2000-CTLCardinality-5,FALSE,53479.1
RwMutex-PT-r0010w2000-CTLCardinality-6,FALSE,161.106
RwMutex-PT-r0010w2000-CTLCardinality-7,FALSE,155.919
RwMutex-PT-r0010w2000-CTLCardinality-8,FALSE,54242.2
Solitaire-PT-FrnNC7x7-CTLCardinality-0,FALSE,1398.09
Solitaire-PT-FrnNC7x7-CTLCardinality-12,,
Solitaire-PT-FrnNC7x7-CTLCardinality-13,FALSE,3.707
Solitaire-PT-FrnNC7x7-CTLCardinality-14,TRUE,0.588
Solitaire-PT-FrnNC7x7-CTLCardinality-15,FALSE,0.576
Solitaire-PT-FrnNC7x7-CTLCardinality-2,,
Solitaire-PT-FrnNC7x7-CTLCardinality-3,FALSE,0.593
Solitaire-PT-FrnNC7x7-CTLCardinality-4,TRUE,0.628
Solitaire-PT-FrnNC7x7-CTLCardinality-5,TRUE,0.545
Solitaire-PT-FrnNC7x7-CTLCardinality-6,,
Solitaire-PT-FrnNC7x7-CTLCardinality-8,FALSE,1.331
Solitaire-PT-SqrNC5x5-CTLCardinality-0,TRUE,189813
Solitaire-PT-SqrNC5x5-CTLCardinality-9,TRUE,0.548
Solitaire-PT-SqrNC5x5-CTLCardinality-11,,
Solitaire-PT-SqrNC5x5-CTLCardinality-12,TRUE,2.642
Solitaire-PT-SqrNC5x5-CTLCardinality-15,,
Solitaire-PT-SqrNC5x5-CTLCardinality-2,TRUE,1.366
Solitaire-PT-SqrNC5x5-CTLCardinality-3,TRUE,0.577
Solitaire-PT-SqrNC5x5-CTLCardinality-4,FALSE,1.131
Solitaire-PT-SqrNC5x5-CTLCardinality-5,,
Solitaire-PT-SqrNC5x5-CTLCardinality-6,TRUE,0.641
Solitaire-PT-SqrNC5x5-CTLCardinality-7,FALSE,0.62
SwimmingPool-PT-02-CTLCardinality-0,TRUE,147691
SwimmingPool-PT-02-CTLCardinality-9,TRUE,22.752
SwimmingPool-PT-02-CTLCardinality-10,FALSE,63899.5
SwimmingPool-PT-02-CTLCardinality-11,FALSE,77971.5
SwimmingPool-PT-02-CTLCardinality-12,FALSE,174938
SwimmingPool-PT-02-CTLCardinality-13,TRUE,0.098
SwimmingPool-PT-02-CTLCardinality-14,FALSE,252997
SwimmingPool-PT-02-CTLCardinality-15,FALSE,279487
SwimmingPool-PT-02-CTLCardinality-1,FALSE,136128
SwimmingPool-PT-02-CTLCardinality-2,FALSE,0.24
SwimmingPool-PT-02-CTLCardinality-3,TRUE,2.506
SwimmingPool-PT-02-CTLCardinality-4,FALSE,240036
SwimmingPool-PT-02-CTLCardinality-5,TRUE,18.654
SwimmingPool-PT-02-CTLCardinality-6,FALSE,151886
SwimmingPool-PT-02-CTLCardinality-7,FALSE,0.153
SwimmingPool-PT-02-CTLCardinality-8,FALSE,98776.7
SwimmingPool-PT-03-CTLCardinality-0,,
SwimmingPool-PT-03-CTLCardinality-9,,
SwimmingPool-PT-03-CTLCardinality-10,TRUE,1.218
SwimmingPool-PT-03-CTLCardinality-11,,
SwimmingPool-PT-03-CTLCardinality-12,,
SwimmingPool-PT-03-CTLCardinality-13,TRUE,1.20936e+06
SwimmingPool-PT-03-CTLCardinality-14,TRUE,0.197
SwimmingPool-PT-03-CTLCardinality-15,,
SwimmingPool-PT-03-CTLCardinality-1,,
SwimmingPool-PT-03-CTLCardinality-2,FALSE,0.473
SwimmingPool-PT-03-CTLCardinality-3,FALSE,124.442
SwimmingPool-PT-03-CTLCardinality-7,TRUE,0.16
SwimmingPool-PT-05-CTLCardinality-0,TRUE,110.398
SwimmingPool-PT-05-CTLCardinality-9,TRUE,621.093
SwimmingPool-PT-05-CTLCardinality-10,TRUE,0.239
SwimmingPool-PT-05-CTLCardinality-11,TRUE,53.641
SwimmingPool-PT-05-CTLCardinality-13,FALSE,263253
SwimmingPool-PT-05-CTLCardinality-14,,
SwimmingPool-PT-05-CTLCardinality-1,,
SwimmingPool-PT-05-CTLCardinality-2,,
SwimmingPool-PT-05-CTLCardinality-3,,
SwimmingPool-PT-05-CTLCardinality-5,,
SwimmingPool-PT-05-CTLCardinality-6,TRUE,0.15
SwimmingPool-PT-05-CTLCardinality-7,TRUE,122.918
SwimmingPool-PT-05-CTLCardinality-8,FALSE,1.7
SwimmingPool-PT-06-CTLCardinality-0,,
SwimmingPool-PT-06-CTLCardinality-9,,
SwimmingPool-PT-06-CTLCardinality-10,TRUE,0.312
SwimmingPool-PT-06-CTLCardinality-12,,
SwimmingPool-PT-06-CTLCardinality-14,,
SwimmingPool-PT-06-CTLCardinality-1,FALSE,155.594
SwimmingPool-PT-06-CTLCardinality-2,TRUE,259.676
SwimmingPool-PT-06-CTLCardinality-3,,
SwimmingPool-PT-06-CTLCardinality-4,,
SwimmingPool-PT-06-CTLCardinality-5,TRUE,132.637
SwimmingPool-PT-06-CTLCardinality-7,TRUE,0.255
SwimmingPool-PT-09-CTLCardinality-9,,
SwimmingPool-PT-09-CTLCardinality-12,TRUE,435.745
SwimmingPool-PT-09-CTLCardinality-14,,
SwimmingPool-PT-09-CTLCardinality-2,TRUE,65.032
SwimmingPool-PT-09-CTLCardinality-3,TRUE,440.178
SwimmingPool-PT-09-CTLCardinality-4,FALSE,1.408
SwimmingPool-PT-09-CTLCardinality-5,TRUE,0.437
SwimmingPool-PT-09-CTLCardinality-7,TRUE,614.865
SwimmingPool-PT-09-CTLCardinality-8,,
BridgeAndVehicles-COL-V20P10N10-CTLCardinality-0,FALSE,262770
BridgeAndVehicles-COL-V20P10N10-CTLCardinality-9,TRUE,163307
BridgeAndVehicles-COL-V20P10N10-CTLCardinality-10,FALSE,15.633
BridgeAndVehicles-COL-V20P10N10-CTLCardinality-11,TRUE,230606
BridgeAndVehicles-COL-V20P10N10-CTLCardinality-12,TRUE,278726
BridgeAndVehicles-COL-V20P10N10-CTLCardinality-13,FALSE,15.518
BridgeAndVehicles-COL-V20P10N10-CTLCardinality-14,TRUE,4.741
BridgeAndVehicles-COL-V20P10N10-CTLCardinality-15,FALSE,12519.3
BridgeAndVehicles-COL-V20P10N10-CTLCardinality-1,TRUE,445023
BridgeAndVehicles-COL-V20P10N10-CTLCardinality-2,FALSE,242239
BridgeAndVehicles-COL-V20P10N10-CTLCardinality-3,FALSE,235909
BridgeAndVehicles-COL-V20P10N10-CTLCardinality-4,FALSE,218958
BridgeAndVehicles-COL-V20P10N10-CTLCardinality-5,FALSE,22680.8
BridgeAndVehicles-COL-V20P10N10-CTLCardinality-6,FALSE,203918
BridgeAndVehicles-COL-V20P10N10-CTLCardinality-7,FALSE,355981
BridgeAndVehicles-COL-V20P10N10-CTLCardinality-8,FALSE,234170
BridgeAndVehicles-COL-V20P10N20-CTLCardinality-0,,
BridgeAndVehicles-COL-V20P10N20-CTLCardinality-9,FALSE,303339
BridgeAndVehicles-COL-V20P10N20-CTLCardinality-10,FALSE,476418
BridgeAndVehicles-COL-V20P10N20-CTLCardinality-11,TRUE,12.549
BridgeAndVehicles-COL-V20P10N20-CTLCardinality-12,FALSE,460681
BridgeAndVehicles-COL-V20P10N20-CTLCardinality-13,,
BridgeAndVehicles-COL-V20P10N20-CTLCardinality-14,TRUE,485640
BridgeAndVehicles-COL-V20P10N20-CTLCardinality-15,TRUE,12.36
BridgeAndVehicles-COL-V20P10N20-CTLCardinality-1,TRUE,5208.72
BridgeAndVehicles-COL-V20P10N20-CTLCardinality-2,TRUE,4831.29
BridgeAndVehicles-COL-V20P10N20-CTLCardinality-3,,
BridgeAndVehicles-COL-V20P10N20-CTLCardinality-4,FALSE,1.627
BridgeAndVehicles-COL-V20P10N20-CTLCardinality-5,FALSE,301442
BridgeAndVehicles-COL-V20P10N20-CTLCardinality-6,TRUE,280259
BridgeAndVehicles-COL-V20P10N20-CTLCardinality-7,TRUE,12.275
BridgeAndVehicles-COL-V20P10N20-CTLCardinality-8,TRUE,12.259
BridgeAndVehicles-COL-V20P20N10-CTLCardinality-0,FALSE,159996
BridgeAndVehicles-COL-V20P20N10-CTLCardinality-9,FALSE,342496
BridgeAndVehicles-COL-V20P20N10-CTLCardinality-10,TRUE,228454
BridgeAndVehicles-COL-V20P20N10-CTLCardinality-11,FALSE,240534
BridgeAndVehicles-COL-V20P20N10-CTLCardinality-12,FALSE,232248
BridgeAndVehicles-COL-V20P20N10-CTLCardinality-13,FALSE,7.981
BridgeAndVehicles-COL-V20P20N10-CTLCardinality-14,FALSE,222785
BridgeAndVehicles-COL-V20P20N10-CTLCardinality-15,FALSE,7.997
BridgeAndVehicles-COL-V20P20N10-CTLCardinality-1,FALSE,446285
BridgeAndVehicles-COL-V20P20N10-CTLCardinality-2,,
BridgeAndVehicles-COL-V20P20N10-CTLCardinality-3,TRUE,157575
BridgeAndVehicles-COL-V20P20N10-CTLCardinality-4,TRUE,233931
BridgeAndVehicles-COL-V20P20N10-CTLCardinality-5,FALSE,249452
BridgeAndVehicles-COL-V20P20N10-CTLCardinality-6,TRUE,198450
BridgeAndVehicles-COL-V20P20N10-CTLCardinality-7,FALSE,0.934
BridgeAndVehicles-COL-V20P20N10-CTLCardinality-8,FALSE,227827
BridgeAndVehicles-COL-V20P20N20-CTLCardinality-0,,
BridgeAndVehicles-COL-V20P20N20-CTLCardinality-9,,
BridgeAndVehicles-COL-V20P20N20-CTLCardinality-10,TRUE,182.043
BridgeAndVehicles-COL-V20P20N20-CTLCardinality-11,FALSE,1.884
BridgeAndVehicles-COL-V20P20N20-CTLCardinality-12,TRUE,1.859
BridgeAndVehicles-COL-V20P20N20-CTLCardinality-13,FALSE,12.237
BridgeAndVehicles-COL-V20P20N20-CTLCardinality-14,TRUE,1482.49
BridgeAndVehicles-COL-V20P20N20-CTLCardinality-15,TRUE,5467.1
BridgeAndVehicles-COL-V20P20N20-CTLCardinality-1,FALSE,447265
BridgeAndVehicles-COL-V20P20N20-CTLCardinality-2,,
BridgeAndVehicles-COL-V20P20N20-CTLCardinality-3,TRUE,526347
BridgeAndVehicles-COL-V20P20N20-CTLCardinality-4,TRUE,530526
BridgeAndVehicles-COL-V20P20N20-CTLCardinality-5,TRUE,46547.7
BridgeAndVehicles-COL-V20P20N20-CTLCardinality-6,TRUE,53.166
BridgeAndVehicles-COL-V20P20N20-CTLCardinality-7,FALSE,506369
BridgeAndVehicles-COL-V20P20N20-CTLCardinality-8,TRUE,11.799
BridgeAndVehicles-COL-V20P20N50-CTLCardinality-0,TRUE,4.307
BridgeAndVehicles-COL-V20P20N50-CTLCardinality-9,TRUE,56.055
BridgeAndVehicles-COL-V20P20N50-CTLCardinality-10,FALSE,28.432
BridgeAndVehicles-COL-V20P20N50-CTLCardinality-11,FALSE,1.09996e+06
BridgeAndVehicles-COL-V20P20N50-CTLCardinality-12,,
BridgeAndVehicles-COL-V20P20N50-CTLCardinality-13,TRUE,1.09398e+06
BridgeAndVehicles-COL-V20P20N50-CTLCardinality-14,FALSE,1.06961e+06
BridgeAndVehicles-COL-V20P20N50-CTLCardinality-15,TRUE,394.054
BridgeAndVehicles-COL-V20P20N50-CTLCardinality-1,,
BridgeAndVehicles-COL-V20P20N50-CTLCardinality-2,TRUE,1.05298e+06
BridgeAndVehicles-COL-V20P20N50-CTLCardinality-3,TRUE,56.658
BridgeAndVehicles-COL-V20P20N50-CTLCardinality-4,,
BridgeAndVehicles-COL-V20P20N50-CTLCardinality-5,TRUE,926157
BridgeAndVehicles-COL-V20P20N50-CTLCardinality-6,FALSE,29.374
BridgeAndVehicles-COL-V20P20N50-CTLCardinality-7,FALSE,1.11076e+06
BridgeAndVehicles-COL-V20P20N50-CTLCardinality-8,TRUE,11.064
BridgeAndVehicles-COL-V80P50N10-CTLCardinality-0,,
BridgeAndVehicles-COL-V80P50N10-CTLCardinality-9,,
BridgeAndVehicles-COL-V80P50N10-CTLCardinality-10,,
BridgeAndVehicles-COL-V80P50N10-CTLCardinality-11,,
BridgeAndVehicles-COL-V80P50N10-CTLCardinality-12,TRUE,331.854
BridgeAndVehicles-COL-V80P50N10-CTLCardinality-13,,
BridgeAndVehicles-COL-V80P50N10-CTLCardinality-14,TRUE,301.232
BridgeAndVehicles-COL-V80P50N10-CTLCardinality-15,TRUE,2811.85
BridgeAndVehicles-COL-V80P50N10-CTLCardinality-1,FALSE,2873.12
BridgeAndVehicles-COL-V80P50N10-CTLCardinality-2,FALSE,296.928
BridgeAndVehicles-COL-V80P50N10-CTLCardinality-3,,
BridgeAndVehicles-COL-V80P50N10-CTLCardinality-4,TRUE,1413.59
BridgeAndVehicles-COL-V80P50N10-CTLCardinality-5,TRUE,4299.69
BridgeAndVehicles-COL-V80P50N10-CTLCardinality-6,FALSE,160907
BridgeAndVehicles-COL-V80P50N10-CTLCardinality-7,,
BridgeAndVehicles-COL-V80P50N10-CTLCardinality-8,,
LamportFastMutEx-COL-4-CTLCardinality-0,FALSE,97144.6
LamportFastMutEx-COL-4-CTLCardinality-9,TRUE,76228.2
LamportFastMutEx-COL-4-CTLCardinality-10,FALSE,0.338
LamportFastMutEx-COL-4-CTLCardinality-11,FALSE,75488
LamportFastMutEx-COL-4-CTLCardinality-12,FALSE,83479.7
LamportFastMutEx-COL-4-CTLCardinality-13,TRUE,0.351
LamportFastMutEx-COL-4-CTLCardinality-14,FALSE,83082.3
LamportFastMutEx-COL-4-CTLCardinality-15,TRUE,409.16
LamportFastMutEx-COL-4-CTLCardinality-1,TRUE,0.318
LamportFastMutEx-COL-4-CTLCardinality-2,TRUE,2.444
LamportFastMutEx-COL-4-CTLCardinality-3,TRUE,68039.2
LamportFastMutEx-COL-4-CTLCardinality-4,FALSE,0.324
LamportFastMutEx-COL-4-CTLCardinality-5,FALSE,508.372
LamportFastMutEx-COL-4-CTLCardinality-6,TRUE,56.453
LamportFastMutEx-COL-4-CTLCardinality-7,FALSE,13.51
LamportFastMutEx-COL-4-CTLCardinality-8,FALSE,14889.8
NeoElection-COL-3-CTLCardinality-0,FALSE,433852
NeoElection-COL-3-CTLCardinality-9,FALSE,434636
NeoElection-COL-3-CTLCardinality-10,TRUE,44.035
NeoElection-COL-3-CTLCardinality-11,TRUE,36.939
NeoElection-COL-3-CTLCardinality-12,TRUE,441383
NeoElection-COL-3-CTLCardinality-13,TRUE,441827
NeoElection-COL-3-CTLCardinality-14,FALSE,37.127
NeoElection-COL-3-CTLCardinality-15,TRUE,37.814
NeoElection-COL-3-CTLCardinality-1,FALSE,437599
NeoElection-COL-3-CTLCardinality-2,TRUE,432450
NeoElection-COL-3-CTLCardinality-3,FALSE,37.976
NeoElection-COL-3-CTLCardinality-4,TRUE,37.079
NeoElection-COL-3-CTLCardinality-5,FALSE,427230
NeoElection-COL-3-CTLCardinality-6,FALSE,63.369
NeoElection-COL-3-CTLCardinality-7,TRUE,437089
NeoElection-COL-3-CTLCardinality-8,TRUE,439230
Peterson-COL-3-CTLCardinality-0,FALSE,464188
Peterson-COL-3-CTLCardinality-9,FALSE,340.973
Peterson-COL-3-CTLCardinality-10,FALSE,876558
Peterson-COL-3-CTLCardinality-11,TRUE,489610
Peterson-COL-3-CTLCardinality-12,TRUE,2268.53
Peterson-COL-3-CTLCardinality-13,FALSE,457623
Peterson-COL-3-CTLCardinality-14,TRUE,458687
Peterson-COL-3-CTLCardinality-15,TRUE,23.082
Peterson-COL-3-CTLCardinality-1,FALSE,443334
Peterson-COL-3-CTLCardinality-2,FALSE,452878
Peterson-COL-3-CTLCardinality-3,TRUE,15589
Peterson-COL-3-CTLCardinality-4,FALSE,566.468
Peterson-COL-3-CTLCardinality-5,TRUE,12.087
Peterson-COL-3-CTLCardinality-6,FALSE,400294
Peterson-COL-3-CTLCardinality-7,TRUE,11.422
Peterson-COL-3-CTLCardinality-8,FALSE,1.02956e+06
PhilosophersDyn-COL-10-CTLCardinality-0,TRUE,55182.3
PhilosophersDyn-COL-10-CTLCardinality-9,TRUE,2381.23
PhilosophersDyn-COL-10-CTLCardinality-10,TRUE,5.395
PhilosophersDyn-COL-10-CTLCardinality-11,TRUE,52724.5
PhilosophersDyn-COL-10-CTLCardinality-12,FALSE,6.383
PhilosophersDyn-COL-10-CTLCardinality-13,FALSE,3.268
PhilosophersDyn-COL-10-CTLCardinality-14,TRUE,3.5
PhilosophersDyn-COL-10-CTLCardinality-15,FALSE,11.809
PhilosophersDyn-COL-10-CTLCardinality-1,FALSE,51192.6
PhilosophersDyn-COL-10-CTLCardinality-2,TRUE,72139
PhilosophersDyn-COL-10-CTLCardinality-3,TRUE,52430.5
PhilosophersDyn-COL-10-CTLCardinality-4,TRUE,2.759
PhilosophersDyn-COL-10-CTLCardinality-5,FALSE,55834.4
PhilosophersDyn-COL-10-CTLCardinality-6,FALSE,51199.9
PhilosophersDyn-COL-10-CTLCardinality-7,TRUE,244.403
PhilosophersDyn-COL-10-CTLCardinality-8,TRUE,52438.7
PhilosophersDyn-COL-20-CTLCardinality-0,FALSE,89.842
PhilosophersDyn-COL-20-CTLCardinality-9,FALSE,21574.2
PhilosophersDyn-COL-20-CTLCardinality-10,FALSE,90.189
PhilosophersDyn-COL-20-CTLCardinality-11,FALSE,1433.06
PhilosophersDyn-COL-20-CTLCardinality-12,TRUE,98.292
PhilosophersDyn-COL-20-CTLCardinality-13,,
PhilosophersDyn-COL-20-CTLCardinality-14,,
PhilosophersDyn-COL-20-CTLCardinality-15,,
PhilosophersDyn-COL-20-CTLCardinality-1,,
PhilosophersDyn-COL-20-CTLCardinality-2,,
PhilosophersDyn-COL-20-CTLCardinality-3,,
PhilosophersDyn-COL-20-CTLCardinality-4,TRUE,86.601
PhilosophersDyn-COL-20-CTLCardinality-5,TRUE,88.127
PhilosophersDyn-COL-20-CTLCardinality-6,TRUE,244956
PhilosophersDyn-COL-20-CTLCardinality-7,,
PhilosophersDyn-COL-20-CTLCardinality-8,FALSE,158.873
PolyORBLF-COL-S02J04T06-CTLCardinality-0,,
PolyORBLF-COL-S02J04T06-CTLCardinality-9,,
PolyORBLF-COL-S02J04T06-CTLCardinality-10,TRUE,9475.31
PolyORBLF-COL-S02J04T06-CTLCardinality-11,,
PolyORBLF-COL-S02J04T06-CTLCardinality-12,TRUE,10013.4
PolyORBLF-COL-S02J04T06-CTLCardinality-13,,
PolyORBLF-COL-S02J04T06-CTLCardinality-14,TRUE,2369.8
PolyORBLF-COL-S02J04T06-CTLCardinality-15,TRUE,75.211
PolyORBLF-COL-S02J04T06-CTLCardinality-1,FALSE,4645.68
PolyORBLF-COL-S02J04T06-CTLCardinality-2,FALSE,0.034
PolyORBLF-COL-S02J04T06-CTLCardinality-3,FALSE,177.847
PolyORBLF-COL-S02J04T06-CTLCardinality-4,,
PolyORBLF-COL-S02J04T06-CTLCardinality-5,,
PolyORBLF-COL-S02J04T06-CTLCardinality-6,,
PolyORBLF-COL-S02J04T06-CTLCardinality-7,TRUE,100.899
PolyORBLF-COL-S02J04T06-CTLCardinality-8,,
PolyORBLF-COL-S04J04T06-CTLCardinality-0,TRUE,603.073
PolyORBLF-COL-S04J04T06-CTLCardinality-9,FALSE,1095.02
PolyORBLF-COL-S04J04T06-CTLCardinality-10,,
PolyORBLF-COL-S04J04T06-CTLCardinality-11,FALSE,936.027
PolyORBLF-COL-S04J04T06-CTLCardinality-12,,
PolyORBLF-COL-S04J04T06-CTLCardinality-13,,
PolyORBLF-COL-S04J04T06-CTLCardinality-14,,
PolyORBLF-COL-S04J04T06-CTLCardinality-15,TRUE,62.127
PolyORBLF-COL-S04J04T06-CTLCardinality-1,,
PolyORBLF-COL-S04J04T06-CTLCardinality-2,FALSE,1024.52
PolyORBLF-COL-S04J04T06-CTLCardinality-3,,
PolyORBLF-COL-S04J04T06-CTLCardinality-4,TRUE,1573.28
PolyORBLF-COL-S04J04T06-CTLCardinality-5,,
PolyORBLF-COL-S04J04T06-CTLCardinality-6,,
PolyORBLF-COL-S04J04T06-CTLCardinality-7,,
PolyORBLF-COL-S04J04T06-CTLCardinality-8,,
PolyORBLF-COL-S04J04T10-CTLCardinality-0,,
PolyORBLF-COL-S04J04T10-CTLCardinality-9,,
PolyORBLF-COL-S04J04T10-CTLCardinality-10,FALSE,398.449
PolyORBLF-COL-S04J04T10-CTLCardinality-11,,
PolyORBLF-COL-S04J04T10-CTLCardinality-12,TRUE,85.418
PolyORBLF-COL-S04J04T10-CTLCardinality-13,FALSE,7592.26
PolyORBLF-COL-S04J04T10-CTLCardinality-14,TRUE,477.195
PolyORBLF-COL-S04J04T10-CTLCardinality-15,,
PolyORBLF-COL-S04J04T10-CTLCardinality-1,FALSE,462628
PolyORBLF-COL-S04J04T10-CTLCardinality-2,,
PolyORBLF-COL-S04J04T10-CTLCardinality-3,,
PolyORBLF-COL-S04J04T10-CTLCardinality-4,TRUE,2863.55
PolyORBLF-COL-S04J04T10-CTLCardinality-5,TRUE,296.091
PolyORBLF-COL-S04J04T10-CTLCardinality-6,,
PolyORBLF-COL-S04J04T10-CTLCardinality-7,TRUE,5827.79
PolyORBLF-COL-S04J04T10-CTLCardinality-8,,
PolyORBLF-COL-S06J04T06-CTLCardinality-0,TRUE,991.531
PolyORBLF-COL-S06J04T06-CTLCardinality-9,,
PolyORBLF-COL-S06J04T06-CTLCardinality-10,TRUE,9494.51
PolyORBLF-COL-S06J04T06-CTLCardinality-11,,
PolyORBLF-COL-S06J04T06-CTLCardinality-12,TRUE,498.35
PolyORBLF-COL-S06J04T06-CTLCardinality-13,TRUE,977.027
PolyORBLF-COL-S06J04T06-CTLCardinality-14,TRUE,157335
PolyORBLF-COL-S06J04T06-CTLCardinality-15,,
PolyORBLF-COL-S06J04T06-CTLCardinality-1,,
PolyORBLF-COL-S06J04T06-CTLCardinality-2,FALSE,1219.92
PolyORBLF-COL-S06J04T06-CTLCardinality-3,TRUE,583.278
PolyORBLF-COL-S06J04T06-CTLCardinality-4,,
PolyORBLF-COL-S06J04T06-CTLCardinality-5,,
PolyORBLF-COL-S06J04T06-CTLCardinality-6,,
PolyORBLF-COL-S06J04T06-CTLCardinality-7,,
PolyORBLF-COL-S06J04T06-CTLCardinality-8,TRUE,326.515
PolyORBLF-COL-S06J06T06-CTLCardinality-0,FALSE,884.889
PolyORBLF-COL-S06J06T06-CTLCardinality-9,,
PolyORBLF-COL-S06J06T06-CTLCardinality-10,TRUE,862.663
PolyORBLF-COL-S06J06T06-CTLCardinality-11,TRUE,697.208
PolyORBLF-COL-S06J06T06-CTLCardinality-12,,
PolyORBLF-COL-S06J06T06-CTLCardinality-13,,
PolyORBLF-COL-S06J06T06-CTLCardinality-14,,
PolyORBLF-COL-S06J06T06-CTLCardinality-15,,
PolyORBLF-COL-S06J06T06-CTLCardinality-1,,
PolyORBLF-COL-S06J06T06-CTLCardinality-2,TRUE,72.214
PolyORBLF-COL-S06J06T06-CTLCardinality-3,,
PolyORBLF-COL-S06J06T06-CTLCardinality-4,,
PolyORBLF-COL-S06J06T06-CTLCardinality-5,,
PolyORBLF-COL-S06J06T06-CTLCardinality-6,,
PolyORBLF-COL-S06J06T06-CTLCardinality-7,FALSE,808.141
PolyORBLF-COL-S06J06T06-CTLCardinality-8,,
PolyORBNT-COL-S05J20-CTLCardinality-0,,
PolyORBNT-COL-S05J20-CTLCardinality-9,,
PolyORBNT-COL-S05J20-CTLCardinality-10,,
PolyORBNT-COL-S05J20-CTLCardinality-11,,
PolyORBNT-COL-S05J20-CTLCardinality-12,,
PolyORBNT-COL-S05J20-CTLCardinality-13,,
PolyORBNT-COL-S05J20-CTLCardinality-14,TRUE,10.558
PolyORBNT-COL-S05J20-CTLCardinality-15,FALSE,14.035
PolyORBNT-COL-S05J20-CTLCardinality-1,,
PolyORBNT-COL-S05J20-CTLCardinality-2,TRUE,24.908
PolyORBNT-COL-S05J20-CTLCardinality-3,FALSE,15.878
PolyORBNT-COL-S05J20-CTLCardinality-4,,
PolyORBNT-COL-S05J20-CTLCardinality-5,TRUE,13.955
PolyORBNT-COL-S05J20-CTLCardinality-6,FALSE,14.24
PolyORBNT-COL-S05J20-CTLCardinality-7,TRUE,136.11
PolyORBNT-COL-S05J20-CTLCardinality-8,,
SafeBus-COL-06-CTLCardinality-0,FALSE,7.287
SafeBus-COL-06-CTLCardinality-9,TRUE,7.552
SafeBus-COL-06-CTLCardinality-10,FALSE,323.039
SafeBus-COL-06-CTLCardinality-11,FALSE,308708
SafeBus-COL-06-CTLCardinality-12,FALSE,644071
SafeBus-COL-06-CTLCardinality-13,TRUE,316.811
SafeBus-COL-06-CTLCardinality-14,TRUE,83.047
SafeBus-COL-06-CTLCardinality-15,TRUE,662978
SafeBus-COL-06-CTLCardinality-1,FALSE,144.157
SafeBus-COL-06-CTLCardinality-2,FALSE,617907
SafeBus-COL-06-CTLCardinality-3,FALSE,690756
SafeBus-COL-06-CTLCardinality-4,FALSE,656183
SafeBus-COL-06-CTLCardinality-5,TRUE,506933
SafeBus-COL-06-CTLCardinality-6,TRUE,149.532
SafeBus-COL-06-CTLCardinality-7,FALSE,7.382
SafeBus-COL-06-CTLCardinality-8,FALSE,157.387
SharedMemory-COL-000010-CTLCardinality-0,FALSE,94854.6
SharedMemory-COL-000010-CTLCardinality-9,FALSE,143140
SharedMemory-COL-000010-CTLCardinality-10,FALSE,147418
SharedMemory-COL-000010-CTLCardinality-11,TRUE,242.531
SharedMemory-COL-000010-CTLCardinality-12,TRUE,0.024
SharedMemory-COL-000010-CTLCardinality-13,TRUE,137917
SharedMemory-COL-000010-CTLCardinality-14,FALSE,131869
SharedMemory-COL-000010-CTLCardinality-15,TRUE,133887
SharedMemory-COL-000010-CTLCardinality-1,TRUE,136267
SharedMemory-COL-000010-CTLCardinality-2,TRUE,139129
SharedMemory-COL-000010-CTLCardinality-3,TRUE,135144
SharedMemory-COL-000010-CTLCardinality-4,TRUE,138134
SharedMemory-COL-000010-CTLCardinality-5,TRUE,134280
SharedMemory-COL-000010-CTLCardinality-6,TRUE,129658
SharedMemory-COL-000010-CTLCardinality-7,TRUE,138103
SharedMemory-COL-000010-CTLCardinality-8,TRUE,138730
TokenRing-COL-015-CTLCardinality-0,TRUE,712.541
TokenRing-COL-015-CTLCardinality-9,TRUE,376.446
TokenRing-COL-015-CTLCardinality-10,TRUE,372.676
TokenRing-COL-015-CTLCardinality-11,FALSE,378.391
TokenRing-COL-015-CTLCardinality-12,,
TokenRing-COL-015-CTLCardinality-13,TRUE,720.749
TokenRing-COL-015-CTLCardinality-14,,
TokenRing-COL-015-CTLCardinality-15,,
TokenRing-COL-015-CTLCardinality-1,,
TokenRing-COL-015-CTLCardinality-2,FALSE,353.462
TokenRing-COL-015-CTLCardinality-3,TRUE,810.631
TokenRing-COL-015-CTLCardinality-4,FALSE,368.395
TokenRing-COL-015-CTLCardinality-5,,
TokenRing-COL-015-CTLCardinality-6,FALSE,410.325
TokenRing-COL-015-CTLCardinality-7,,
TokenRing-COL-015-CTLCardinality-8,,
